
INSERT INTO `accounts` VALUES (14,'vuminhdat98@gmail.com','Vu','Dat','$2a$10$MgV0ci1JkTtabJGlF.FVQ.PkHed15YQMZS6rKhLUTwM.kiqRwFzoa','0357968555','ADMIN',0),(15,'minhduong@gmail.com','Minh','Duong','$2a$10$Go6fNjTXO00PGyrplk0Tp.yPTmVumzP3bdH2LuWhdXgIQxj6fyvGq','0356442322','STYLIST',0),(16,'vuminhdat050198@gmail.com','Minh','Đạt','$2a$10$vZp1R4OYzVqiFuPoTIDTy.ErO9KTIhT.aJSGQqyP0OPYaDb6jyvNu','0357968556','MEMBER',360),(18,'hoangnhat@gmail.com','Hoang','Nhat','$2a$10$G0oEm/UwJCzB5NDMvA0R9e1x5dgORj0u.QhEZeGialwFJxwCch8UC','0357968550','MANAGER',0),(19,'hoangsa@gmail.com','Hoang ','Sa','$2a$10$JYQEgozmH33z2KOUEQ27eu04BG0uz84ouSpeIlgYzrhPVayhVBQqy','0357968551','STAFF',0),(20,'hoangmeo@gmail.com','Hoang','Meo','$2a$10$Df6C.o.b3zYz2CWhc4aQLeszOSuT5zxUtS.l/5Brrkv/s1O5Tzhsm','0357968552','STYLIST',0),(21,'hoangly@gmail.com','Hoang','Ly','$2a$10$ZZdlLYSwKd4.Rdu9rFaRuuaCYZEGpg6XAbJ21pwG/YKIE02IBOb6y','0357968553','STYLIST',0),(22,'minhnhua@gmail.com','Minh','Nhua','$2a$10$lzRXMFxMrsR/Egl9O4W.g..GO24p5CkUzldleFiVXwFkkNk/StyYe','0357968554','STAFF',0),(23,'minhoang@gmail.com','Minh','Hoang','$2a$10$uFw0.CCtcfiRA9vVodmXzeAR.lqem2inlXHN6bQ5Wp6njqKBoTEuq','0357968557','MANAGER',0),(24,'minhkhai@gmail.com','Minh ','Khai','$2a$10$Jz7L5hRkJ1rSI7HiUg/TbOQJwH8oM2qvxx2lOmnt2Q9i.DUOYJPAW','0357968558','STYLIST',0),(25,'minhanh@gmail.com','Minh','Anh','$2a$10$5U3Cw0G3c8QGcV1UyB/uzuUaIotAUm0shEu28fxT8qPplrmhH4DiO','0357968559','STYLIST',0),(26,'minhdang@gmail.com','Minh','Dang','$2a$10$HblYvL15/LM9gwt7HdcVpOEspJCjYJtWibfHb.iuLyVgozGD.nrWq','0357968560','STYLIST',0),(27,'anhkhoa@gmail.com','Anh','Khoa','$2a$10$Z2GZjL/FKXZNc89K.GuBn.TZMeBUmIrI5Jl024QBqbA5KBStvbZAO','0357968561','MANAGER',0),(28,'anhlinh@gmail.com','Anh','Linh','$2a$10$ttr8NkNldksIPsYTj9Ixf.7NaRurMnh.pvH5FSjzLPsQOSZCqreFe','0357968562','STAFF',0),(29,'anhtu@gmail.com','Anh','Tu','$2a$10$uYElorD9rUkUav5qNI3n1umKEPSqfF1LyJsCO5WlXm/DMXzrfg1ne','0357968563','STYLIST',0),(30,'anhduong@gmail.com','Anh','Duong','$2a$10$SzW1vLNcwFUNF44BmaT4d.2TIj6knozPpoTPo8UGOo3uj3qHZDNqy','0357968564','STYLIST',0),(31,'anhtinh@gmail.com','Anh','Tinh','$2a$10$mSdhUfoflm53ooTNO/RG3OZ7dgj9olpSqw/AJE3Lyb4nHB3azNTIa','0357968565','STYLIST',0);

INSERT INTO `booking` VALUES ('B0001','2024-11-14',1,220000,'SA0001','COMPLETED',16,3,1),('B0002','2024-11-21',0,220000,'SA0001','COMPLETED',16,3,1),('B0003','2024-11-14',0,140000,'SA0001','COMPLETED',16,1,5),('B0004','2024-11-14',0,140000,'SA0001','CANCELED',16,1,4);

INSERT INTO `booking_services` VALUES ('B0001','SV0001'),('B0001','SV0001'),('B0001','SV0003'),('B0001','SV0004'),('B0002','SV0001'),('B0002','SV0001'),('B0002','SV0003'),('B0002','SV0004'),('B0003','SV0001'),('B0003','SV0003'),('B0003','SV0004'),('B0004','SV0001'),('B0004','SV0003'),('B0004','SV0004');

INSERT INTO `category` VALUES ('CT0001','Tất cả những dịch vụ thiết yếu và nâng cao của một tiệm cắt tóc chuyên nghiệp.','Dịch vụ'),('CT0002','Thư giãn sau một ngày làm việc vất vả cùng  những dịch vụ siêu đã.','Giải trí');

INSERT INTO `combo_services` VALUES (1,'SV0001'),(1,'SV0003'),(1,'SV0004'),(2,'SV0001'),(2,'SV0002');

INSERT INTO `combos` VALUES (1,'Top 1 trải nghiệm','Combo siêu đã',140000),(2,'Lột xác phái mạnh','Combo tỏa sáng',304000);

INSERT INTO `feedback` VALUES ('F0001','ok','5','CLOSE','B0001'),('F0002',NULL,NULL,'CLOSE','B0002'),('F0003','aaa','5','CLOSE','B0003'),('F0004',NULL,NULL,'CLOSE','B0004');

INSERT INTO `manager` VALUES ('M0001','SA0001',2),('M0002','SA0002',7),('M0003','SA0003',11);

INSERT INTO `payment` VALUES ('P0001','2024-11-13 21:19:57.648638',220000,'B0001'),('P0002',NULL,220000,'B0002'),('P0003','2024-11-13 21:39:29.813834',140000,'B0003'),('P0004',NULL,140000,'B0004');

INSERT INTO `salon` VALUES ('SA0001','100 Su Van Hanh','10','0919817618','https://imgur.com/FE0YCXt',_binary '','30S Su Van Hanh'),('SA0002','100 Huynh Tan Phat','3','0919817818','https://imgur.com/Q0CdzTU',_binary '','30S Huynh Tan Phat'),('SA0003','100 Nguyen Hue','1','0919856569','https://imgur.com/lEEtOO8',_binary '','30S Nguyen Hue'),('SA0004','160 Nguyen Hue','8','0918745698','https://imgur.com/XPn9neU',_binary '\0','30S Nguyen Hue Quan 8');

INSERT INTO `services` VALUES ('SV0001','Phụ hợp mọi khung mặt','45','https://imgur.com/bhHXXhP',80000,'Cắt tóc',_binary '','CT0001'),('SV0002','Đáp ứng mọi kiểu tóc mà anh yêu cầu','120','https://imgur.com/cZ9YKoT',300000,'Uốn tóc',_binary '','CT0001'),('SV0003','Chỉ cần thả lõng để thận hưởng giây phút lên thiên đàng','30','https://imgur.com/dYwaqiy',45000,'Cạo mặt & rái tai',_binary '','CT0002'),('SV0004','Làm sáng da, thư giãn cơ mặt cùng các skinner xinh đẹp.','30','https://imgur.com/JduaRGe',50000,'Massage mặt',_binary '','CT0002');

INSERT INTO `slot` VALUES (1,'08:30:00.000000'),(8,'09:30:00.000000'),(2,'10:30:00.000000'),(9,'11:30:00.000000'),(3,'12:30:00.000000'),(10,'13:30:00.000000'),(4,'14:30:00.000000'),(11,'15:30:00.000000'),(5,'16:30:00.000000'),(12,'17:30:00.000000'),(6,'18:30:00.000000'),(13,'19:30:00.000000'),(7,'20:30:00.000000');

INSERT INTO `staff` VALUES (1,'S0001','minhduong@gmail.com','Minh','male','https://imgur.com/aOvBaIe','2024-01-02','Duong',2.5,'0356442322','STYLIST',_binary '',2004,15,'SA0001'),(2,'S0002','hoangnhat@gmail.com','Hoang','male','https://imgur.com/nCWv1Yz','2023-08-15','Nhat',0,'0357968550','MANAGER',_binary '',2004,18,'SA0001'),(3,'S0003','hoangsa@gmail.com','Hoang ','male','https://imgur.com/NakYV3I','2023-11-08','Sa',0,'0357968551','STAFF',_binary '',2000,19,'SA0001'),(4,'S0004','hoangmeo@gmail.com','Hoang','male','https://imgur.com/03GrMvs','2024-11-01','Meo',3,'0357968552','STYLIST',_binary '',1999,20,'SA0001'),(5,'S0005','hoangly@gmail.com','Hoang','male','https://imgur.com/R2VGlT1','2024-10-30','Ly',5,'0357968553','STYLIST',_binary '',1998,21,'SA0001'),(6,'S0006','minhnhua@gmail.com','Minh','male','https://imgur.com/3QbRczR','2024-10-27','Nhua',0,'0357968554','STAFF',_binary '',2000,22,'SA0002'),(7,'S0007','minhoang@gmail.com','Minh','male','https://imgur.com/N3iKHk2','2024-10-27','Hoang',0,'0357968557','MANAGER',_binary '',1999,23,'SA0002'),(8,'S0008','minhkhai@gmail.com','Minh ','male','https://imgur.com/X1ieRen','2024-09-29','Khai',4.5,'0357968558','STYLIST',_binary '',2000,24,'SA0002'),(9,'S0009','minhanh@gmail.com','Minh','male','https://imgur.com/9CQyjQ8','2024-10-31','Anh',5,'0357968559','STYLIST',_binary '',2004,25,'SA0002'),(10,'S0010','minhdang@gmail.com','Minh','male','https://imgur.com/8bD2fLO','2022-11-09','Dang',5,'0357968560','STYLIST',_binary '',2003,26,'SA0002'),(11,'S0011','anhkhoa@gmail.com','Anh','male','https://imgur.com/prNdHBm','2024-10-27','Khoa',0,'0357968561','MANAGER',_binary '',2004,27,'SA0003'),(12,'S0012','anhlinh@gmail.com','Anh','male','https://imgur.com/dfVOpQv','2023-11-18','Linh',0,'0357968562','STAFF',_binary '',2001,28,'SA0003'),(13,'S0013','anhtu@gmail.com','Anh','male','https://imgur.com/oUyiQMZ','2024-07-18','Tu',2,'0357968563','STYLIST',_binary '',1999,29,'SA0003'),(14,'S0014','anhduong@gmail.com','Anh','male','https://imgur.com/NVamVnX','2024-11-01','Duong',3.5,'0357968564','STYLIST',_binary '',2000,30,'SA0003'),(15,'S0015','anhtinh@gmail.com','Anh','male','https://imgur.com/fdTSOwI','2024-02-21','Tinh',4,'0357968565','STYLIST',_binary '',1985,31,'SA0003');
